{
    "metrics": {
        "iteration_duration": {
            "avg": 95226.89142968331,
            "min": 2122.2021,
            "med": 98904.26860000001,
            "max": 155705.5637,
            "p(90)": 117728.89919000001,
            "p(95)": 123573.63068
        },
        "http_req_connecting": {
            "avg": 1.1655427777777825,
            "min": 0,
            "med": 0,
            "max": 53.5656,
            "p(90)": 3.50501,
            "p(95)": 3.7232049999999997
        },
        "data_sent": {
            "count": 11985006,
            "rate": 72108.6007472133
        },
        "data_received": {
            "rate": 243887.00726180413,
            "count": 40535903
        },
        "vus": {
            "value": 110,
            "min": 0,
            "max": 5537
        },
        "http_req_tls_handshaking": {
            "avg": 1.6863309277777776,
            "min": 0,
            "med": 0,
            "max": 36.4928,
            "p(90)": 5.11193,
            "p(95)": 5.496425
        },
        "iterations": {
            "count": 6000,
            "rate": 36.099406582131024
        },
        "http_req_sending": {
            "p(95)": 0.5869,
            "avg": 0.2063039833333337,
            "min": 0,
            "med": 0,
            "max": 25.9315,
            "p(90)": 0.5664
        },
        "http_req_receiving": {
            "avg": 0.3144486000000009,
            "min": 0,
            "med": 0,
            "max": 23.0219,
            "p(90)": 0.8196100000000001,
            "p(95)": 1.004305
        },
        "checks": {
            "passes": 18000,
            "fails": 198000,
            "value": 0.08333333333333333
        },
        "vus_max": {
            "value": 6000,
            "min": 3346,
            "max": 6000
        },
        "http_req_blocked": {
            "p(90)": 8.759549999999999,
            "p(95)": 9.320829999999999,
            "avg": 3.1230247222222265,
            "min": 0,
            "med": 0,
            "max": 123.8786
        },
        "http_req_failed": {
            "fails": 17611,
            "passes": 389,
            "value": 0.021611111111111112
        },
        "http_reqs": {
            "count": 18000,
            "rate": 108.29821974639309
        },
        "http_req_waiting": {
            "p(90)": 81410.77842,
            "p(95)": 88435.99518499999,
            "avg": 31404.819988516723,
            "min": 5.6058,
            "med": 22040.36505,
            "max": 148494.4081
        },
        "http_req_duration{expected_response:true}": {
            "p(90)": 81550.8965,
            "p(95)": 88533.5147,
            "avg": 30748.157323275213,
            "min": 6.1738,
            "med": 21451.7399,
            "max": 148494.4081
        },
        "http_req_duration": {
            "avg": 31405.340741099986,
            "min": 6.1738,
            "med": 22040.641949999997,
            "max": 148494.4081,
            "p(90)": 81411.28895999999,
            "p(95)": 88436.179295
        }
    },
    "root_group": {
        "path": "",
        "id": "d41d8cd98f00b204e9800998ecf8427e",
        "groups": {},
        "checks": {
                "200 OK": {
                    "name": "200 OK",
                    "path": "::200 OK",
                    "id": "e9654c443eff553da9e69eda7007924e",
                    "passes": 5611,
                    "fails": 12389
                },
                "201 Created": {
                    "name": "201 Created",
                    "path": "::201 Created",
                    "id": "728dcd977aae263ca314731145e1d447",
                    "passes": 12000,
                    "fails": 6000
                },
                "204 No Content": {
                    "path": "::204 No Content",
                    "id": "54fa3c2eda34e1622fda2da5e0479fc5",
                    "passes": 0,
                    "fails": 18000,
                    "name": "204 No Content"
                },
                "400 Bad Request": {
                    "path": "::400 Bad Request",
                    "id": "eeae81934b9b58bccaf0184a6d070338",
                    "passes": 388,
                    "fails": 17612,
                    "name": "400 Bad Request"
                },
                "401 Unauthorized": {
                    "name": "401 Unauthorized",
                    "path": "::401 Unauthorized",
                    "id": "6ae9254e6aefe7f0bafe5102fa7e20a5",
                    "passes": 0,
                    "fails": 18000
                },
                "403 Forbidden": {
                    "id": "655548b761742c5a7ad15aa7df3a5d9c",
                    "passes": 0,
                    "fails": 18000,
                    "name": "403 Forbidden",
                    "path": "::403 Forbidden"
                },
                "404 Not Found": {
                    "id": "df1528f9925ca236bac51008f77b774a",
                    "passes": 0,
                    "fails": 18000,
                    "name": "404 Not Found",
                    "path": "::404 Not Found"
                },
                "429 Too Many Requests": {
                    "name": "429 Too Many Requests",
                    "path": "::429 Too Many Requests",
                    "id": "b810c35b9499cc7342fd415032e3a6aa",
                    "passes": 0,
                    "fails": 18000
                },
                "500 Internal Server Error": {
                    "name": "500 Internal Server Error",
                    "path": "::500 Internal Server Error",
                    "id": "3cd96245b24e869810efe46d533b0eef",
                    "passes": 1,
                    "fails": 17999
                },
                "502 Bad Gateway": {
                    "passes": 0,
                    "fails": 18000,
                    "name": "502 Bad Gateway",
                    "path": "::502 Bad Gateway",
                    "id": "712cb0ec189a11f31f0d6d0c0031b569"
                },
                "503 Service Unavailable": {
                    "path": "::503 Service Unavailable",
                    "id": "f1ea1a22be0dc738c385523a66ea1cd9",
                    "passes": 0,
                    "fails": 18000,
                    "name": "503 Service Unavailable"
                },
                "504 Gateway Timeout": {
                    "id": "218efb729cb654723ccd57c6ebbebe29",
                    "passes": 0,
                    "fails": 18000,
                    "name": "504 Gateway Timeout",
                    "path": "::504 Gateway Timeout"
                }
            },
        "name": ""
    }
}