{
    "metrics": {
        "http_req_duration{expected_response:true}": {
            "p(90)": 3136.2478999999994,
            "p(95)": 3741.2436,
            "avg": 792.0108533333333,
            "min": 9.7982,
            "med": 93.4589,
            "max": 3768.3385
        },
        "iterations": {
            "count": 5,
            "rate": 0.8894447562837761
        },
        "dropped_iterations": {
            "count": 1,
            "rate": 0.17788895125675522
        },
        "http_req_duration": {
            "avg": 792.0108533333333,
            "min": 9.7982,
            "med": 93.4589,
            "max": 3768.3385,
            "p(90)": 3136.2478999999994,
            "p(95)": 3741.2436
        },
        "iteration_duration": {
            "avg": 3402.9670400000005,
            "min": 1655.8513,
            "med": 3703.654,
            "max": 4978.2977,
            "p(90)": 4915.1911,
            "p(95)": 4946.7444000000005
        },
        "vus_max": {
            "max": 5,
            "value": 5,
            "min": 5
        },
        "http_req_blocked": {
            "min": 0,
            "med": 0,
            "max": 91.3611,
            "p(90)": 9.09294,
            "p(95)": 33.79799999999991,
            "avg": 8.465006666666666
        },
        "data_sent": {
            "count": 9931,
            "rate": 1766.615174930836
        },
        "http_req_tls_handshaking": {
            "avg": 1.5658800000000002,
            "min": 0,
            "med": 0,
            "max": 5.0677,
            "p(90)": 4.91994,
            "p(95)": 5.02906
        },
        "data_received": {
            "count": 34066,
            "rate": 6059.965013512623
        },
        "http_reqs": {
            "count": 15,
            "rate": 2.668334268851328
        },
        "http_req_waiting": {
            "p(90)": 3135.8480999999992,
            "p(95)": 3741.0249,
            "avg": 791.3212333333333,
            "min": 9.7217,
            "med": 92.0381,
            "max": 3767.6095
        },
        "http_req_failed": {
            "passes": 0,
            "fails": 15,
            "value": 0
        },
        "vus": {
            "value": 1,
            "min": 1,
            "max": 5
        },
        "http_req_sending": {
            "med": 0,
            "max": 0.5656,
            "p(90)": 0.55986,
            "p(95)": 0.56231,
            "avg": 0.25588,
            "min": 0
        },
        "checks": {
            "fails": 165,
            "passes": 15,
            "value": 0.08333333333333333
        },
        "http_req_connecting": {
            "avg": 1.2476266666666664,
            "min": 0,
            "med": 0,
            "max": 4.1213,
            "p(90)": 3.9851799999999997,
            "p(95)": 4.0855999999999995
        },
        "http_req_receiving": {
            "avg": 0.43373999999999996,
            "min": 0,
            "med": 0.3325,
            "max": 0.9995,
            "p(90)": 0.9119599999999999,
            "p(95)": 0.96471
        }
    },
    "root_group": {
        "id": "d41d8cd98f00b204e9800998ecf8427e",
        "groups": {},
        "checks": {
                "200 OK": {
                    "name": "200 OK",
                    "path": "::200 OK",
                    "id": "e9654c443eff553da9e69eda7007924e",
                    "passes": 5,
                    "fails": 10
                },
                "201 Created": {
                    "fails": 5,
                    "name": "201 Created",
                    "path": "::201 Created",
                    "id": "728dcd977aae263ca314731145e1d447",
                    "passes": 10
                },
                "204 No Content": {
                    "name": "204 No Content",
                    "path": "::204 No Content",
                    "id": "54fa3c2eda34e1622fda2da5e0479fc5",
                    "passes": 0,
                    "fails": 15
                },
                "400 Bad Request": {
                    "name": "400 Bad Request",
                    "path": "::400 Bad Request",
                    "id": "eeae81934b9b58bccaf0184a6d070338",
                    "passes": 0,
                    "fails": 15
                },
                "401 Unauthorized": {
                    "passes": 0,
                    "fails": 15,
                    "name": "401 Unauthorized",
                    "path": "::401 Unauthorized",
                    "id": "6ae9254e6aefe7f0bafe5102fa7e20a5"
                },
                "403 Forbidden": {
                    "id": "655548b761742c5a7ad15aa7df3a5d9c",
                    "passes": 0,
                    "fails": 15,
                    "name": "403 Forbidden",
                    "path": "::403 Forbidden"
                },
                "404 Not Found": {
                    "path": "::404 Not Found",
                    "id": "df1528f9925ca236bac51008f77b774a",
                    "passes": 0,
                    "fails": 15,
                    "name": "404 Not Found"
                },
                "429 Too Many Requests": {
                    "id": "b810c35b9499cc7342fd415032e3a6aa",
                    "passes": 0,
                    "fails": 15,
                    "name": "429 Too Many Requests",
                    "path": "::429 Too Many Requests"
                },
                "500 Internal Server Error": {
                    "name": "500 Internal Server Error",
                    "path": "::500 Internal Server Error",
                    "id": "3cd96245b24e869810efe46d533b0eef",
                    "passes": 0,
                    "fails": 15
                },
                "502 Bad Gateway": {
                    "id": "712cb0ec189a11f31f0d6d0c0031b569",
                    "passes": 0,
                    "fails": 15,
                    "name": "502 Bad Gateway",
                    "path": "::502 Bad Gateway"
                },
                "503 Service Unavailable": {
                    "name": "503 Service Unavailable",
                    "path": "::503 Service Unavailable",
                    "id": "f1ea1a22be0dc738c385523a66ea1cd9",
                    "passes": 0,
                    "fails": 15
                },
                "504 Gateway Timeout": {
                    "path": "::504 Gateway Timeout",
                    "id": "218efb729cb654723ccd57c6ebbebe29",
                    "passes": 0,
                    "fails": 15,
                    "name": "504 Gateway Timeout"
                }
            },
        "name": "",
        "path": ""
    }
}